{"ru":{"эмоция":[[1990,5,0.43182],[1991,5,0.5093],[1992,5,0.51553],[1993,6,0.74623],[1994,5,0.57952],[1995,5,0.59655],[1996,5,0.59601],[1997,6,0.72482],[1998,6,0.63234],[1999,7,0.70638],[2000,10,0.85557]],"эмоциональный интеллект":[[1990,56,4.71309],[1991,49,4.75821],[1992,41,4.70686],[1993,46,5.46693],[1994,44,4.74387],[1995,46,5.43048],[1996,48,5.93408],[1997,48,5.5506],[1998,54,6.08314],[1999,59,5.97825],[2000,76,6.83925]],"чувство":[[1990,520,43.60246],[1991,429,41.99896],[1992,368,41.86296],[1993,422,49.77074],[1994,448,48.82014],[1995,430,50.48485],[1996,408,50.01544],[1997,428,49.10237],[1998,442,49.83174],[1999,495,50.06332],[2000,650,58.17213]],"ощущение":[[1990,202,16.94189],[1991,173,16.93217],[1992,147,16.70604],[1993,167,19.67374],[1994,176,19.17995],[1995,170,19.88526],[1996,171,20.90198],[1997,188,21.54117],[1998,195,22.00465],[1999,213,21.61133],[2000,291,26.04042]],"настроение":[[1990,150,12.55516],[1991,125,12.22656],[1992,101,11.45682],[1993,116,13.69295],[1994,136,14.87895],[1995,128,15.07148],[1996,123,15.01411],[1997,132,15.18839],[1998,134,15.10066],[1999,143,14.47375],[2000,214,19.17792]],"восприятие":[[1990,114,9.56012],[1991,93,9.14571],[1992,86,9.76486],[1993,94,11.15096],[1994,96,10.45227],[1995,101,11.79327],[1996,106,12.98671],[1997,118,13.57555],[1998,124,13.9868],[1999,143,14.46146],[2000,160,14.29227]],"эмоциональная реакция":[[1990,275,23.01818],[1991,249,24.41973],[1992,181,20.52946],[1993,167,19.72392],[1994,152,16.53372],[1995,152,17.86506],[1996,146,17.92427],[1997,147,16.83513],[1998,161,18.16215],[1999,166,16.78959],[2000,196,17.50531]],"сознание":[[1990,389,32.61525],[1991,341,33.40513],[1992,345,39.18579],[1993,338,39.96061],[1994,364,39.65757],[1995,337,39.50526],[1996,341,41.82291],[1997,353,40.49671],[1998,355,40.03215],[1999,395,39.97538],[2000,499,44.63379]],"подсознание":[[1990,7,0.60501],[1991,7,0.67795],[1992,9,1.01317],[1993,9,1.10844],[1994,10,1.05031],[1995,10,1.16847],[1996,10,1.25838],[1997,10,1.14445],[1998,11,1.29483],[1999,14,1.37683],[2000,20,1.7789]]},"en":{"emotion":[[1990,395,5.58142],[1991,424,6.15262],[1992,450,5.92986],[1993,429,5.72178],[1994,495,6.16318],[1995,514,6.21477],[1996,612,7.00347],[1997,648,7.2192],[1998,735,7.81428],[1999,810,8.09804],[2000,1017,9.08809]],"emotional intelligence":[[1990,2830,40.00152],[1991,2746,39.82078],[1992,3011,39.64069],[1993,2878,38.40768],[1994,3226,40.19139],[1995,3472,41.95683],[1996,3928,44.91979],[1997,4004,44.58849],[1998,4284,45.54292],[1999,4743,47.44237],[2000,5673,50.69399]],"feeling":[[1990,2053,29.016],[1991,2057,29.83107],[1992,2229,29.34545],[1993,2123,28.34268],[1994,2365,29.46677],[1995,2537,30.65824],[1996,2795,31.95927],[1997,2909,32.40001],[1998,3214,34.16905],[1999,3658,36.5932],[2000,4568,40.82168]],"sensation":[[1990,304,4.30073],[1991,305,4.42951],[1992,328,4.3216],[1993,323,4.31091],[1994,372,4.62951],[1995,397,4.80004],[1996,444,5.08114],[1997,477,5.31706],[1998,528,5.61743],[1999,594,5.94563],[2000,711,6.35607]],"mood":[[1990,621,8.78193],[1991,622,9.01335],[1992,685,9.01041],[1993,638,8.51922],[1994,723,9.00631],[1995,757,9.14249],[1996,875,10.00859],[1997,906,10.09017],[1998,979,10.40706],[1999,1113,11.1302],[2000,1387,12.39665]],"perception":[[1990,1240,17.51977],[1991,1242,18.00748],[1992,1310,17.24442],[1993,1253,16.723],[1994,1425,17.75607],[1995,1480,17.87878],[1996,1649,18.85247],[1997,1719,19.13888],[1998,1857,19.74618],[1999,1987,19.87572],[2000,2329,20.81105]],"emotional reaction":[[1990,6008,84.91309],[1991,5877,85.23125],[1992,6270,82.53899],[1993,5677,75.77485],[1994,6473,80.6418],[1995,6969,84.20407],[1996,7364,84.21147],[1997,7266,80.91523],[1998,7703,81.88352],[1999,8088,80.9044],[2000,9954,88.94602]],"consciousness":[[1990,1225,17.30967],[1991,1214,17.60132],[1992,1279,16.83117],[1993,1228,16.39237],[1994,1378,17.1606],[1995,1455,17.57798],[1996,1697,19.40769],[1997,1805,20.10136],[1998,1952,20.74903],[1999,2116,21.16518],[2000,2510,22.43258]],"subconscious":[[1990,58,0.81413],[1991,57,0.82335],[1992,64,0.84131],[1993,61,0.817],[1994,71,0.88812],[1995,79,0.95505],[1996,90,1.0272],[1997,91,1.00977],[1998,98,1.0447],[1999,113,1.12613],[2000,145,1.29653]]}}